訪問,施設名,番号&施設名,google map,住所,TEL,料金,利用時間,定休日ほか,家族湯（貸切湯）,泉質,最寄りバス停,最寄り駅,駐車場,その他,URL,温泉道URL,
,別府温泉 竹瓦温泉,第1番 竹瓦温泉,https://maps.app.goo.gl/ftgvcgQ336b5u2Ch9,別府市元町16-23,0977-23-1585,"300円、砂湯1,500円",6:30〜22:30、砂湯8:00～22：30（最終受付21：30）,第３水曜（祝日の場合は翌日）,,塩化物泉、炭酸水素塩泉,流川ゆめタウン前 2分,別府駅10分,なし,,https://www.city.beppu.oita.jp/sisetu/shieionsen/detail4.html,https://onsendo.beppu-navi.jp/y1/,
,別府温泉 海門寺温泉,第3番 海門寺温泉,https://maps.app.goo.gl/Nyio3ykEe4oFKJUF9,別府市北浜2丁目3-2,0977-22-3625,大人250円　小人100円,6:30～14：00　15：00〜22:30,第2月曜日,,炭酸水素塩泉,駅前本町 4分,別府駅5分,3台（車イス利用者用1台含む）　入浴者はつるみカーパーク　1時間無料,,https://www.city.beppu.oita.jp/sisetu/shieionsen/detail7.html,https://onsendo.beppu-navi.jp/y3/,
,別府温泉 不老泉,第4番 不老泉,https://maps.app.goo.gl/jqS4efjGJdjWCmf46,別府市中央町7-16,0977-21-0253,大人250円　小人100円,6:30〜14：00　15：00～22:30,第1月曜日,,単純温泉,流川6丁目 3分,別府駅3分,9台（車イス利用者用1台含む）　入浴者はつるみカーパーク　1時間無料,,https://www.city.beppu.oita.jp/sisetu/shieionsen/detail5.html,https://onsendo.beppu-navi.jp/y4/,
,別府温泉 田の湯温泉,第5番 田の湯温泉,https://maps.app.goo.gl/rJjtFxG8uVB2wkJg7,別府市田の湯町4-23,0977-21-1381,大人200円　小人100円,6:30〜14：00　15：00～22:30,第１火曜日,,炭酸水素塩泉,田の湯 2分,別府駅5分,なし,,https://www.city.beppu.oita.jp/sisetu/shieionsen/detail6.html,https://onsendo.beppu-navi.jp/y5/,
,別府温泉 永石温泉,第6番 永石温泉,https://maps.app.goo.gl/RdrpxdSx3pNr8qsz7,別府市南町2-2,0977-26-5789,大人200円　小人100円,6:30〜14：00　15：00～22:30,第２火曜日,,単純温泉,永石温泉前 1分,別府駅12分,なし,,https://www.city.beppu.oita.jp/sisetu/shieionsen/detail3.html,https://onsendo.beppu-navi.jp/y6/,
,別府温泉 駅前高等温泉,第7番 駅前高等温泉,https://maps.app.goo.gl/RRvVret9ZMAtoBrY6?g_st=com.google.maps.preview.copy,別府市駅前町13-14,0977-21-0541,あつ湯、ぬる湯各大人250円　小人150円,8:00〜23:00（宿泊者がいる場合のみ６:00～深夜0：00）,年３回（不定休）,,単純温泉,駅前本町 1分,別府駅2分,5台,,,https://onsendo.beppu-navi.jp/y7/,
,別府温泉 九日天温泉,第8番 九日天温泉,https://maps.app.goo.gl/A2wXHfW28paZERYUA?g_st=com.google.maps.preview.copy,別府市上田の湯町15-8,0977-21-1304,150円,6:30〜10:30／14:00〜22：00,年１回　不定休,,炭酸水素塩泉,田の湯 2分,別府駅6分,8台,,,https://onsendo.beppu-navi.jp/y8/,
,別府温泉 寿温泉,第10番 寿温泉,https://maps.app.goo.gl/LuvEUDiY9wTr87Je8?g_st=com.google.maps.preview.copy,別府市楠町11-15,なし,300円,15:00〜24:00,不定,,炭酸水素塩泉,流川2丁目 1分,別府駅10分,なし,,,https://onsendo.beppu-navi.jp/y10/,
,別府温泉 紙屋温泉,第11番 紙屋温泉,https://maps.app.goo.gl/ahPfR9wwLrhebsLB8?g_st=com.google.maps.preview.copy,別府市千代町8番の2,,300円,13:00〜22：00,,,炭酸水素塩泉、塩化物泉,永石温泉前 2分,別府駅12分,5台,,,https://onsendo.beppu-navi.jp/y11/,
,別府温泉 松原温泉,第12番 松原温泉,https://maps.app.goo.gl/SDWZbqJSsVmhiwGU9?g_st=com.google.maps.preview.copy,別府市松原町3-4,なし,200円,6:30〜12:00／15:00〜23:00,毎月5・20日,,炭酸水素塩泉,永石温泉前 3分,東別府駅5分,3台,,,https://onsendo.beppu-navi.jp/y12/,
,別府温泉 住吉温泉,第13番 住吉温泉,https://maps.app.goo.gl/DqfVfvxGiVqdpYtx9?g_st=com.google.maps.preview.copy,別府市松原町18-23,なし,市内１５０円市外３００円,16:00〜22:45,なし,,炭酸水素塩泉,湯都ピア浜脇 3分,東別府駅7分,3台,,,https://onsendo.beppu-navi.jp/y13/,
,別府温泉 梅園温泉,第14番 梅園温泉,https://maps.app.goo.gl/6S4YS9NJKJsjmTT8A?g_st=com.google.maps.preview.copy,別府市元町5-23,なし,300円,11：00～22：00（受付　～21：30）,第４金曜,,単純温泉,流川２丁目　３分,別府駅7分,なし,,,https://onsendo.beppu-navi.jp/y14/,
,別府温泉 錦栄温泉,第15番 錦栄温泉,https://maps.app.goo.gl/hGbKwyXdT7P31muJ7?g_st=com.google.maps.preview.copy,別府市光町20-2,なし,100円,6:30〜10:00／12:00〜22:00、日曜6:30～22:00,なし,,単純温泉,流川8丁目 10分,別府駅12分,なし,,,https://onsendo.beppu-navi.jp/y15/,
,別府温泉 末広温泉,第17番 末広温泉,https://maps.app.goo.gl/1PoGtQhUxnqxs4846?g_st=com.google.maps.preview.copy,別府市末広町4-20,090-1530-2387,200円,7:00〜11:00、14:00〜22:00,毎月15日（8月は無休）,,単純温泉,永石６丁目　徒歩１分,別府駅10分,（条件付き）あり,,https://www.instagram.com/suehiroonsen_bp/,https://onsendo.beppu-navi.jp/y17/,
,別府温泉 野口温泉,第18番 野口温泉,https://maps.app.goo.gl/oKPJJC4nZwHLp2K97?g_st=com.google.maps.preview.copy,別府市野口元町4−25,なし,100円,7:00〜11:30／15:00〜22:30,なし,,単純温泉,別府駅西口　5分,別府駅5分,なし,,,https://onsendo.beppu-navi.jp/y18/,
,別府温泉 豊泉荘,第20番 豊泉荘,https://maps.app.goo.gl/mhJ3z6f21yrnfsu67?g_st=com.google.maps.preview.copy,別府市青山町5-73,0977-23-4281,500円,15:00～21:00,不定,,単純温泉,流川12丁目 2分,別府駅10分,100台,,https://www.housensou.com/,https://onsendo.beppu-navi.jp/y20/,
,別府温泉 竹と椿のお宿花べっぷ,第22番 竹と椿のお宿花べっぷ,https://maps.app.goo.gl/6B5JeGGYbZwjXjYz5?g_st=com.google.maps.preview.copy,別府市上田の湯町１６−５０,0977-22-0049,1泊2食　2万5500円～,IN 15:00 　OUT 11:00,,,炭酸水素塩泉,ホテル白菊前　徒歩１分,別府駅　徒歩　10分,15台,,https://www.hanabeppu.jp/,https://onsendo.beppu-navi.jp/y22/,
,別府温泉 別府亀の井ホテル,第25番 別府亀の井ホテル,https://maps.app.goo.gl/spqxd4nwM6PERNZD6?g_st=com.google.maps.preview.copy,別府市中央町５番17号,0977-22-3301,１泊朝食　7000円～,IN15:00   OUT11:00,,,単純温泉,流川６丁目,別府駅　徒歩　5分,300台,,https://kamenoi-hotels.com/beppu/,https://onsendo.beppu-navi.jp/y25/,
,別府温泉 ホテルニューツルタ,第26番 ホテルニューツルタ,https://maps.app.goo.gl/CuKPpS1RSTjX2Byf9?g_st=com.google.maps.preview.copy,別府市北浜1-14-15,0977-22-1110,800円,15:00〜17:00　要確認,年２回（５～６日）,,炭酸水素塩泉、塩化物泉,別府北浜 2分,別府駅8分,30台(宿泊者専用),,https://www.newtsuruta.com/,https://onsendo.beppu-navi.jp/y26/,
,別府温泉 悠彩の宿望海,第29番 悠彩の宿望海,https://maps.app.goo.gl/gybeQokHt9kR1h7U6?g_st=com.google.maps.preview.copy,別府市北浜3-8-7,0977-22-1241,１泊２食　１万7600円～,IN15:00〜OUT10:00,,,炭酸水素塩泉,別府タワー前 1分,別府駅13分,30台,,https://www.bokai.jp/,https://onsendo.beppu-navi.jp/y29/,
,別府温泉 べっぷ好楽,第30番 べっぷ好楽,https://maps.app.goo.gl/7LqGKC8VzgoBRWJg7?g_st=com.google.maps.preview.copy,別府市北浜3-13-21,0977-22-1331,540円,15:00〜21:00,,,炭酸水素塩泉,別府北浜 2分、北浜バスセンター1分,別府駅12分,35台,,https://koraku.net/,https://onsendo.beppu-navi.jp/y30/,
,別府温泉 べっぷ野上本館,第33番 べっぷ野上本館,https://maps.app.goo.gl/XRp4dWr6AVXSaiYV7?g_st=com.google.maps.preview.copy,別府市北浜1-12-1,0977-22-1334,500円,14:00〜16:00（平日のみ）,,"1,500円（50分5名迄）",炭酸水素塩泉,別府北浜 2分,別府駅8分,なし,,https://www.yukemuri.net/,https://onsendo.beppu-navi.jp/y33/,
,別府温泉 湯都ピア浜脇,第35番 湯都ピア浜脇,https://maps.app.goo.gl/7q9Z6ipdSu19g5ccA?g_st=com.google.maps.preview.copy,別府市浜脇1丁目8-20,0977-25-8118,大人700円　小人350円,10:00〜22：00（最終受付21：00）,火曜（祝日の場合は翌日）,,単純温泉,湯都ピア浜脇1分,東別府駅7分,有料Pあり（入浴者は3時間無料）,,https://www.city.beppu.oita.jp/sisetu/shieionsen/detail2.html,https://onsendo.beppu-navi.jp/y35/,
,別府温泉 浜脇温泉,第36番 浜脇温泉,https://maps.app.goo.gl/GfgNhPLsgu1boUhz6?g_st=com.google.maps.preview.copy,別府市浜脇1丁目8-20,0977-25-8118,大人200円　小人100円,6:30〜14:00　15:00～深夜1:00,第３月曜日,,単純温泉,湯都ピア浜脇 1分,東別府駅7分,１４台,,,https://onsendo.beppu-navi.jp/y36/,
,別府温泉 日の出温泉,第37番 日の出温泉,https://maps.app.goo.gl/iLuwA8ZPFNqUG5gt8?g_st=com.google.maps.preview.copy,別府市浜町22-10,なし,200円,6:30〜12:00／14:30〜深夜0:00,なし,,単純温泉,湯都ピア浜脇 6分,東別府駅7分,10台,,,https://onsendo.beppu-navi.jp/y37/,
,別府温泉 渋の湯,第38番 渋の湯,https://maps.app.goo.gl/MSSJxMEe9CXKqM9m6?g_st=com.google.maps.preview.copy,別府市鉄輪風呂本1,なし,100円(必ずコインロッカーを利用),6：30〜20：30,なし,,塩化物泉,鉄輪　3分,なし,なし,,,https://onsendo.beppu-navi.jp/y38/,
,別府温泉 熱の湯温泉,第39番 熱の湯温泉,https://maps.app.goo.gl/QTBpAuq3ZgmYiRkG7?g_st=com.google.maps.preview.copy,別府市鉄輪井田1組,なし,無料,6:30〜21:00,なし,,塩化物泉,地獄原　2分,なし,有料駐車場利用１時間200円,スタンプは入舟荘,,https://onsendo.beppu-navi.jp/y39/,
,別府温泉 鉄輪むし湯,第40番 鉄輪むし湯,https://maps.app.goo.gl/ugkiRWx5DzGx9DwD9?g_st=com.google.maps.preview.copy,別府市鉄輪上1組,0977-67-3880,700円　貸浴衣220円,6:30〜20：00（最終受付19：30）,第4木曜（祝日の場合は翌日）,,塩化物泉（浴槽）、単純温泉（むし湯、足蒸し）,鉄輪 3分,なし,熱の湯前駐車場　２時間無料,貸浴衣220円,,https://onsendo.beppu-navi.jp/y40/,
,別府温泉 ひょうたん温泉,第41番 ひょうたん温泉,https://maps.app.goo.gl/EPWhzrPJgDyd6SfP9?g_st=com.google.maps.preview.copy,別府市鉄輪159-2,0977-66-0527,・大浴場　09:00～21:00大人(13歳以上)　940円子ども(7～12歳) 400円幼児(4～6歳)　　280円3歳以下　　　　 無料,9:00〜深夜1:00,年２～３回臨時休業,"60分3名　2,400円～",塩化物泉,地獄原・ひょうたん温泉 2分,なし,100台,,https://www.hyotan-onsen.com/,https://onsendo.beppu-navi.jp/y41/,
,別府温泉 夢たまて筥,第42番 夢たまて筥,https://maps.app.goo.gl/qmiLnSsW9djNPpseA?g_st=com.google.maps.preview.copy,別府市北中1組,0570-550-078,580円※土・日・祝日16:00～22：00は780円,7:00 ～ 深夜2:00 （最終受付時間 1:30）ホテル風月・夢たまて筥 大浴場改修工事のお知らせ (yukai-r.jp)工事期間：2024 年 1 ⽉ 9 ⽇（⽕）〜 2024 年 3 ⽉ 4 ⽇（⽉）※期間中、未⼯事の浴場（1 ヶ所）を男⼥交代で時間帯を分けての利用となります。男性利⽤：7 時〜11 時、17 時〜21 時⼥性利⽤：12 時〜16 時、22 時〜26 時,なし,2000円（60分）,塩化物泉,北中　砂原　1分,なし,150台,,https://yukai-r.jp/fugetsu/service/,https://onsendo.beppu-navi.jp/y42/,
,別府温泉 みかゑり温泉,第43番 みかゑり温泉,https://maps.app.goo.gl/QGHxu5ehd8ArcZan7?g_st=com.google.maps.preview.copy,別府市火売8組2,0977-66-1186,400円,13:00〜受付20:00,なし,あり,塩化物泉,朝日小学校前　5分,なし,20台,,,https://onsendo.beppu-navi.jp/y43/,
,別府温泉 上人湯,第44番 上人湯,https://maps.app.goo.gl/jNeojEEXEMnx7R67A?g_st=com.google.maps.preview.copy,別府市鉄輪風呂本5,なし,100円,10:00〜17:00※スタンプ押印は「喫茶保月」営業時間のみ（入浴前に要確認）,なし,,塩化物泉,鉄輪　0分,なし,なし,スタンプ　喫茶保月,,https://onsendo.beppu-navi.jp/y44/,
,別府温泉 地獄原温泉,第45番 地獄原温泉,https://maps.app.goo.gl/QFjNEBYNPcrr8pzy8?g_st=com.google.maps.preview.copy,別府市鉄輪東,なし,100円,6:30〜17:00,なし　※水曜日はことぶき屋定休日のため押印不可,,塩化物泉,地獄原・ひょうたん温泉　1分,なし,なし,スタンプ　ことぶき屋,,https://onsendo.beppu-navi.jp/y45/,
,別府温泉 湯快リゾートプレミアムホテル風月,第49番 湯快リゾートプレミアムホテル風月,https://maps.app.goo.gl/XXFXdMjy8tihw6hM6?g_st=com.google.maps.preview.copy,別府市北中1組,0570-550-078,平日1000円～土・日・祝日1500円～,15:00〜翌11:00,,,塩化物泉,北中　砂原　1分,,150台,,https://yukai-r.jp/fugetsu/,https://onsendo.beppu-navi.jp/y49/,
,別府温泉 温泉閣,第51番 温泉閣,https://maps.app.goo.gl/Mb68pVm4QrY1KieY8?g_st=com.google.maps.preview.copy,別府市鉄輪風呂本1,0977-66-1767,800円,10:00〜15:00,繁忙日不可,,塩化物泉,鉄輪　3分,,8台,,http://onsenkaku.sakura.ne.jp/,https://onsendo.beppu-navi.jp/y51/,
,別府温泉 やすらぎのある宿旅館さくら屋,第52番 やすらぎのある宿旅館さくら屋,https://maps.app.goo.gl/wshF2Ca8BkBn3arVA?g_st=com.google.maps.preview.copy,別府市鉄輪風呂本3,0977-66-2328,１泊２食１万円～,IN16:00　OUT10:00,,有,塩化物泉,鉄輪　3分,,7台,,http://www.sakuraya-kannawa.jp/,https://onsendo.beppu-navi.jp/y52/,
,別府温泉 旅館みかさや,第54番 旅館みかさや,https://maps.app.goo.gl/TpEh7SJmjci7An9F7?g_st=com.google.maps.preview.copy,別府市鉄輪井田1組,0977-66-0438,"１泊素泊り5,500円～",IN15:00〜OUT10:00,,あり,塩化物泉,地獄原・ひょうたん温泉　2分,,10台,,http://www.ctb.ne.jp/~mikasa/,https://onsendo.beppu-navi.jp/y54/,
,別府温泉 別府温泉保養ランド,第58番 別府温泉保養ランド,https://maps.app.goo.gl/Rb9eeipuyGxjP2rn6?g_st=com.google.maps.preview.copy,別府市明礬5組紺屋地獄,0977-66-2221,1500円,9:00〜20:00(最終受付19：00～）,なし,,硫黄泉　酸性泉,紺屋地獄前　0分,なし,200台,,http://hoyoland.webcrow.jp/,https://onsendo.beppu-navi.jp/y58/,
,別府温泉 みょうばん湯の里,第59番 みょうばん湯の里,https://maps.app.goo.gl/AxDHUq1v93JdRfGp6?g_st=com.google.maps.preview.copy,別府市明礬6組,0977-66-8166,600円,10:00〜19：00（最終受付18：00）,なし,"2,000円～2,500円（60分）",硫黄泉,地蔵湯前　2分,なし,80台,,http://yuno-hana.jp/,https://onsendo.beppu-navi.jp/y59/,
,別府温泉 湯屋えびす,第60番 湯屋えびす,https://maps.app.goo.gl/uga5Yy1vk2dchapp8?g_st=com.google.maps.preview.copy,別府市明礬4組,0977-67-5858,"1,300円～",10:00〜22：00（受付21:00）,不定休(家族湯は水曜）,"2,000円～2,500円（60分）10:00〜20:00(受付)",硫黄泉、単純温泉,地蔵湯前 明礬　2分,なし,20台,,https://www.e-ebisu.biz/,https://onsendo.beppu-navi.jp/y60/,
,別府温泉 明礬山の湯,第61番 明礬山の湯,https://maps.app.goo.gl/pyr2MboE2VmsM6K19?g_st=com.google.maps.preview.copy,別府市明礬1組,0977-66-5881,500円,13:00〜19：00（最終受付18：00）,火曜（祝日の場合は営業、翌日休み）,"2,000円（60分）",単純温泉,地蔵湯前　1分,なし,12台,,http://www.jigoku-prin.com/hotspring/index.html,https://onsendo.beppu-navi.jp/y61/,
,別府温泉 旅館みどり荘,第64番 旅館みどり荘,https://maps.app.goo.gl/ZpusB2oAwJyxmDFH7?g_st=com.google.maps.preview.copy,別府市明礬7組,0977-66-2012,内湯、露天ともに　500円※貸切1時間1名あたり,9：00〜17：00（受付16:00）,木曜日,1人500円,硫黄泉,地蔵湯前　1分,,7台,,https://myoban-midoriso.myportfolio.com/,https://onsendo.beppu-navi.jp/y64/,
,別府温泉 浜田温泉,第66番 浜田温泉,https://maps.app.goo.gl/mg4T2M5ktzAXNZFo7?g_st=com.google.maps.preview.copy,別府市亀川浜田町991-6,0977-67-2619,大人200円　小人100円,6:30〜12：00 /13:00～22:30,第１木曜日,,塩化物泉,亀川駅　3分,亀川駅　3分,28台（障害者等1台含む）,,,https://onsendo.beppu-navi.jp/y66/,
,別府温泉 四の湯温泉,第67番 四の湯温泉,https://maps.app.goo.gl/iTEbJE8wTQdXMqXm8?g_st=com.google.maps.preview.copy,別府市亀川四の湯20-4,なし,200円,7:00〜10:30（受付10：15）14：30〜22:00（受付21：45）,毎月5・15・25日,,単純温泉,四の湯　1分,亀川駅　13分,5台,,,https://onsendo.beppu-navi.jp/y67/,
,別府温泉 競輪温泉,第68番 競輪温泉,https://maps.app.goo.gl/bdWqRbSfGjSTgbrJ7?g_st=com.google.maps.preview.copy,別府市亀川東町1-36別府競輪駐車場内,0977-67-2626,小学生以上110円,7:00〜22:00,毎月１０日、２０日,,単純温泉,照波園　1分,,約1000台,,,https://onsendo.beppu-navi.jp/y68/,
,別府温泉 亀陽泉,第69番 亀陽泉,https://maps.app.goo.gl/9xxmiq4dBYK3Qbde8?g_st=com.google.maps.preview.copy,別府市亀川中央町10-26,0977-66-2666,大人250円　小人100円,6:30〜13:00　14:00～22:30,第1水曜日（祝日の場合翌日）,,単純温泉,亀川亀陽泉前　1分,亀川駅　8分,5台(障害者等1台含む),,,https://onsendo.beppu-navi.jp/y69/,
,別府温泉 いちのいで会館,第73番 いちのいで会館,https://maps.app.goo.gl/6iaWX82wEQFRuJQf9?g_st=com.google.maps.preview.copy,別府市上原町14-2,0977-21-4728,食事をした方※食事提供休止中※期間限定入浴のみ大人700円　小人（小学生以下）300円　幼児（3歳未満）無料,平日：11:00〜17:00（最終受付16：00）土・日曜、祝日10：00～17：00（最終受付16：00）※要問合せ,"不定12/30,31",,塩化物泉,,,20台,,https://ichinoide-kaikan.jimdofree.com/,https://onsendo.beppu-navi.jp/y73/,
,別府温泉 杉乃井ホテル「棚湯」,第74番 杉乃井ホテル「棚湯」,https://maps.app.goo.gl/MfuXhukEaEQJDhAp8?g_st=com.google.maps.preview.copy,別府市観海寺1,0977-24-1141,こちらからhttps://suginoi.orixhotelsandresorts.com/contents/tanayu/※「ザ・アクアガーデン」も利用可　時期により異なる（要問合せ）,9:00〜受付22：00,,,塩化物泉,スギノイパレス　0分,,1400台,,https://www.suginoi-hotel.com/,https://onsendo.beppu-navi.jp/y74/,
,別府温泉 柴石温泉,第80番 柴石温泉,https://maps.app.goo.gl/qks4vLP7ZXbDd1ik8?g_st=com.google.maps.preview.copy,別府市野田4-1,0977-67-4100,大人300人　小人100円,【普通浴】7:00〜14：00/ 15:00～20:00【家族湯】9:00～14:00/15:00～19：00　最終受付19：00,第2水曜（祝日の場合は翌日）,"2,000円（60分4名迄）※休止中",単純温泉、塩化物泉,柴石温泉入口　5分,なし,35台,,,https://onsendo.beppu-navi.jp/y80/,
,別府温泉 市の原温泉,第81番 市の原温泉,https://maps.app.goo.gl/26F5d211VEugyZ8P8?g_st=com.google.maps.preview.copy,別府市新別府7組,なし,200円,5:30〜21:00,,,単純温泉,古寺　5分,,なし,,,https://onsendo.beppu-navi.jp/y81/,
,別府温泉 長泉寺薬師湯,第85番 長泉寺薬師湯,https://maps.app.goo.gl/Z9an9oz1HkDsvdzQ7?g_st=com.google.maps.preview.copy,別府市野田4-2,0977-66-4013,お賽銭（玄関にて署名が必要）,10:00〜16:00,不定,,酸性泉,血の池地獄前　1分,なし,5台,,,https://onsendo.beppu-navi.jp/y85/,
,別府温泉 城島高原ホテル,第87番 城島高原ホテル,https://maps.app.goo.gl/ufMPEPd3WJpRz5sH8?g_st=com.google.maps.preview.copy,別府市城島高原123-1,0977-22-1163,800円,13:00〜17:00,,,塩化物泉,城島高原パーク 3分,,82台,,https://www.kijimakogen-hotel.jp/,https://onsendo.beppu-navi.jp/y87/,
,別府温泉 春日温泉,第89番 春日温泉,https://maps.app.goo.gl/nRkZGDoKcbLos6yL9?g_st=com.google.maps.preview.copy,別府市駅前本町6-16,0977-23-1486,200円,6:30〜11:30／15:00〜23:00,なし,,炭酸水素塩泉,駅前本町 5分,別府駅4分,なし,,,https://onsendo.beppu-navi.jp/y89/,
,別府温泉 天満温泉,第92番 天満温泉,https://maps.app.goo.gl/iQpZJq4iYTfk34k3A?g_st=com.google.maps.preview.copy,別府市天満町11番8,0977-23-6886,200円,7:00～10:00／15:00～22：00,第1、第３木曜日,,塩化物泉,幸通り 3分,別府駅14分,2台（要問合せ）,,,https://onsendo.beppu-navi.jp/y92/,
,別府温泉 ホテルアーサー,第９４番 ホテルアーサー,https://maps.app.goo.gl/m1qgLEibDncTECZj7?g_st=com.google.maps.preview.copy,別府市北浜1-2-5,0977-25-2611,１泊朝食7700円～,IN17：00～12：00,,,炭酸水素塩泉,駅前本町1分,別府駅,契約Pあり,,https://kitahama-base.com/,https://onsendo.beppu-navi.jp/y94/,
,別府温泉 芝居の湯,第99番 芝居の湯,https://maps.app.goo.gl/BhHNXmBCFREQBDuT8?g_st=com.google.maps.preview.copy,別府市上野口町29-13,0977-24-5320,大人300人　小人100円,11:00〜21:00,火曜日,,単純温泉,野口原 1分,別府駅30分,30台,,,https://onsendo.beppu-navi.jp/y99/,
,別府温泉 塚原温泉火口乃泉,第100番 塚原温泉火口乃泉,https://maps.app.goo.gl/FeY4Cd9v2NfkZppx9?g_st=com.google.maps.preview.copy,別府市由布市湯布院町塚原1235,0977-85-4101,500円,（9〜12月、3〜6月）9:00〜受付17:00（1〜2月）10:00〜受付17:00（7〜8月）9:00〜受付18:00,年末年始・積雪時,"2,000円（60分大人2名小人2名迄）",酸性泉、含鉄泉,,なし,60台,,https://www.tukaharaonsen.jp/,https://onsendo.beppu-navi.jp/y100/,
,別府温泉 旅館入舟荘,第102番 旅館入舟荘,https://maps.app.goo.gl/JRy7SHvgtnrQQ4626?g_st=com.google.maps.preview.copy,別府市鉄輪井田1組,0977-66-0655,貸切湯2000円,11:00〜15:00（要問合せ）,,2000円,単純温泉,地獄原・ひょうたん温泉　2分,,5台,,https://www.irfnso.ne.jp/,https://onsendo.beppu-navi.jp/y102/,
,別府温泉 旅館みゆき屋,第103番 旅館みゆき屋,https://maps.app.goo.gl/3wPBggCjUkCmvvXdA?g_st=com.google.maps.preview.copy,別府市鉄輪東6組,0977-66-0360,"１泊朝食付　7,700円～",IN14:00〜10:00,,あり,塩化物泉,地獄原・ひょうたん温泉　1分,,10台,,https://miyukiya.net/#,https://onsendo.beppu-navi.jp/y103/,
,別府温泉 湯元屋旅館,第104番 湯元屋旅館,https://maps.app.goo.gl/UGppr64S1VDtCHQY9?g_st=com.google.maps.preview.copy,別府市明礬3組,0977-66-0322,５００円　※貸切５０分一名あたり,10:00〜14：00（受付13：30）　※宿泊者優先,不定,,含鉄泉,明礬　2分,なし,3台,,http://www.yumotoyaryokan.jp/,https://onsendo.beppu-navi.jp/y104/,
,別府温泉 亀川筋湯温泉,第106番 亀川筋湯温泉,https://maps.app.goo.gl/xZbQFS5JorSTD2UcA?g_st=com.google.maps.preview.copy,別府市亀川中央町4-16,なし,お賽銭,7:00〜19:00,,,単純温泉,亀陽泉　2分,,なし,,,https://onsendo.beppu-navi.jp/y106/,
,別府温泉 七ッ石温泉,第109番 七ッ石温泉,https://maps.app.goo.gl/c5oHEJvvoZMeUsi46?g_st=com.google.maps.preview.copy,別府市荘園2組,090-6427-4658,100円,7:00～10:00/15:00〜22:00,,,単純温泉,朝日橋　5分,,2台,,,https://onsendo.beppu-navi.jp/y109/,
,別府温泉 AMANERESORTSEIKAI潮騒の湯,第112番 AMANERESORTSEIKAI潮騒の湯,https://maps.app.goo.gl/TtAnKTomzPrpjanw6?g_st=com.google.maps.preview.copy,別府市上人ヶ浜町6-24,0977-66-3680,大人2500円小学生1000円未就学児　無料※館内レストラン利用時は下記大人1000円　12歳以下無料,12:30～22:00 (風呂受付～21:30),不定休,なし,塩化物泉,AMANE RESORT前,別府大学駅10分,60台,,https://www.seikai.co.jp/,https://onsendo.beppu-navi.jp/y112/,
,別府温泉 くつろぎの温泉宿山田別荘,第118番 くつろぎの温泉宿山田別荘,https://maps.app.goo.gl/Q2ByaMJqtgCHUGtr6?g_st=com.google.maps.preview.copy,別府市北浜3-2-18,0977-24-2121,500円,曜日不定（要確認）11:00〜15:00,不定期,内風呂５００円貸切露天風呂1000円/１名30分3000円/1グループ1時間,炭酸水素塩泉,別府タワー前 2分,,7台,,http://yamadabessou.jp/,https://onsendo.beppu-navi.jp/y118/,
,別府温泉 大黒屋,第119番 大黒屋,https://maps.app.goo.gl/nrbEwwR8uyjC6j7a6?g_st=com.google.maps.preview.copy,別府市鉄輪上3,0977-66-2301,300円,11:00〜15:00（要問合せ）,なし,,単純温泉,鉄輪　4分,,5台,,,https://onsendo.beppu-navi.jp/y119/,
,別府温泉 鬼石の湯,第125番 鬼石の湯,https://maps.app.goo.gl/uxT9b4KpgmPL58p47?g_st=com.google.maps.preview.copy,別府市鉄輪559-1,0977-27-6656,620円,10:00〜受付21:30,毎月１日（土・日、祝日の場合は翌平日）,"2,000円（60分4名迄）",塩化物泉,海地獄前　1分,なし,40台,,https://oniishi.com/,https://onsendo.beppu-navi.jp/y125/,
,別府温泉 堀田温泉,第127番 堀田温泉,https://maps.app.goo.gl/A8Z2ACQxuJo4QRut6?g_st=com.google.maps.preview.copy,別府市堀田2組,0977-24-9418,大人300人　小人100円,6:30〜22:30,第1水曜（祝日の場合は翌日）,,単純温泉,堀田温泉前　0分,なし,30台（車イス利用者用2台含む）,,,https://onsendo.beppu-navi.jp/y127/,
,別府温泉 照湯温泉,第128番 照湯温泉,https://maps.app.goo.gl/5urEKWX5whHvSFXq6?g_st=com.google.maps.preview.copy,別府市小倉5組-1,0977-51-4272,300円,9:00〜21:00,なし,,単純温泉,照湯　1分,なし,15台,,,https://onsendo.beppu-navi.jp/y128/,
,別府温泉 神丘温泉豊山荘,第129番 神丘温泉豊山荘,https://maps.app.goo.gl/DhdWYKVHAZEs2J4q9?g_st=com.google.maps.preview.copy,別府市小倉4-2,0977-21-8080,400円,13:00〜15:00,なし,あり,硫黄泉,ベネフィットフォーユー前　1分　本坊主　5分,,13台,,https://www.hozanso.com/,https://onsendo.beppu-navi.jp/y129/,
,別府温泉 西鉄リゾートイン別府,第132番 西鉄リゾートイン別府,https://maps.app.goo.gl/Nf9CZj34YDzKWVTd6?g_st=com.google.maps.preview.copy,別府市北浜2－10－4,0977-26-5151,500円,15：00～17：00,,,炭酸水素塩泉,別府北浜　1分　北浜バスセンター　0分,,38台,,https://nnr-h.com/n-inn/beppu/,https://onsendo.beppu-navi.jp/y132/,
,別府温泉 湯けむりの里東屋,第133番 湯けむりの里東屋,https://maps.app.goo.gl/5T3gczFNBuZtkCEQ7?g_st=com.google.maps.preview.copy,別府市鉄輪上4,0977-27-7547,1000円,10:00〜16:00（要問合せ）,,,単純泉,鉄輪温泉東口　5分,,9台,,http://beppu-azumaya.com/,https://onsendo.beppu-navi.jp/y133/,
,別府温泉 絶景の宿さくら亭,第134番 絶景の宿さくら亭,https://maps.app.goo.gl/PnaKD1R38vq2H1F58?g_st=com.google.maps.preview.copy,別府市鉄輪1063－1,0977-27-6747,1000円,10:00〜16:00（要問合せ）R6年４月26日まで立ち寄り湯休止。,,,塩化物泉,鉄輪温泉東口　5分,,20台,,http://beppu-sakuratei.com/,https://onsendo.beppu-navi.jp/y134/,
,別府温泉 山田温泉,第138番 山田温泉,https://maps.app.goo.gl/fdhg4QrekeejfhJw8?g_st=com.google.maps.preview.copy,別府市朝見1丁目12-9,なし,100円,6:00～9：00／11：00～23:00,なし,,単純温泉,御幸橋 6分,別府駅15分,なし,,,https://onsendo.beppu-navi.jp/y138/,
,別府温泉 東町温泉,第139番 東町温泉,https://maps.app.goo.gl/bCWP79R15NMxMkur9?g_st=com.google.maps.preview.copy,別府市浜脇1丁目16-1,0977-21-1267,200円,5：30〜受付22:30,なし,,単純温泉,湯都ピア浜脇 5分,東別府駅　1分,5台,,,https://onsendo.beppu-navi.jp/y139/,
,別府温泉 八幡温泉,第140番 八幡温泉,https://maps.app.goo.gl/LZLk1bMZDgB6njnc7?g_st=com.google.maps.preview.copy,別府市朝見1丁目17-12,なし,200円,6:00〜11:30／15:00〜22:30,なし,,単純温泉,御幸橋 4分,別府駅15分,1台,,,https://onsendo.beppu-navi.jp/y140/,
,別府温泉 茶房たかさきの湯,第141番 茶房たかさきの湯,https://maps.app.goo.gl/KV5Hp4r58SXdufT88?g_st=com.google.maps.preview.copy,別府市朝見1丁目2-11,0977-23-0592,喫茶を利用した方のみ,10:00〜15:30 （15時ｵｰﾀﾞｰｽﾄｯﾌﾟ）,火・水曜　12/31～1/3,,単純温泉,御幸橋 5分,別府駅15分,5台,,,https://onsendo.beppu-navi.jp/y141/,
,別府温泉 鉄輪すじ湯温泉,第142番 鉄輪すじ湯温泉,https://maps.app.goo.gl/RAdUP7hTKKBahiVh7?g_st=com.google.maps.preview.copy,別府市鉄輪井田4,なし,100円,6:30〜20：00,なし,,塩化物泉,鉄輪温泉　1分,,なし,,,https://onsendo.beppu-navi.jp/y142/,
,別府温泉 谷の湯,第143番 谷の湯,https://maps.app.goo.gl/4y2yjKRZcwh2oXaY6?g_st=com.google.maps.preview.copy,別府市北中1組,なし,150円,6:30〜21:30,なし,,塩化物泉,鉄輪 4分,なし,10台,,,https://onsendo.beppu-navi.jp/y143/,
,別府温泉 海地獄足湯,第148番 海地獄足湯,https://maps.app.goo.gl/Xu7oypW1yPyqTFhs5?g_st=com.google.maps.preview.copy,別府市鉄輪559-1,0977-66-0121,450円（施設入場料）,8:00〜17:00,なし,,塩化物泉,海地獄前 1分,なし,200台,,http://www.umijigoku.co.jp/,https://onsendo.beppu-navi.jp/y148/,
,別府温泉 鬼石坊主地獄足湯,第149番 鬼石坊主地獄足湯,https://maps.app.goo.gl/skC8PXv2phQLd6fT8?g_st=com.google.maps.preview.copy,別府市鉄輪559-1,0977-27-6655,450円（施設入場料）,8:00〜17:00,なし,,塩化物泉,海地獄前 1分,なし,40台,,https://oniishi.com/,https://onsendo.beppu-navi.jp/y149/,
,別府温泉 もと湯の宿黒田や,第152番 もと湯の宿黒田や,https://maps.app.goo.gl/ZTToGwa1YBCQ98za9?g_st=com.google.maps.preview.copy,別府市鶴見676-2,0977-66-9656,500円　休前日700円,11:00〜23：00最終受付22:00木曜（男性）、金曜（女性）15:00～,,,塩化物泉,鉄輪　5分,,30台,,https://www.kurodaya.info/,https://onsendo.beppu-navi.jp/y152/,
,別府温泉 血の池地獄足湯,第153番 血の池地獄足湯,https://maps.app.goo.gl/jX5xQhNEX2KSGTK49?g_st=com.google.maps.preview.copy,別府市野田4-2,0977-66-1191,450円（施設入場料）,8:00〜17:00,,,含鉄泉,血の池地獄前　5分,なし,150台,,https://chinoike.com/,https://onsendo.beppu-navi.jp/y153/,
,別府温泉 奥みょうばん山荘,第154番 奥みょうばん山荘,https://maps.app.goo.gl/2fxtzxRWiRxvUzWz5?g_st=com.google.maps.preview.copy,別府市湯山1組,0977-67-2229,550円※貸切1時間1名あたり,10:00〜受付20:00,火曜日※祝日・繁忙期は営業※2023年6/19(月)～7/7(金)は長期休業,2,硫黄泉,湯山 7分,なし,10台,,https://okumyouban.kakurezato.com/,https://onsendo.beppu-navi.jp/y154/,
,別府温泉 かんなわゆの香,第155番 かんなわゆの香,https://maps.app.goo.gl/KpX76HuWFDZLvxsi7?g_st=com.google.maps.preview.copy,別府市御幸4,0977-67-2682,1泊２食　１万2000円～,IN15:00〜OUT10:00,なし,3棟あり,塩化物泉,鉄輪 1分,なし,12台,,https://www.kannawa-yunoka.com/,https://onsendo.beppu-navi.jp/y155/,
,別府温泉 おかたの湯,第157番 おかたの湯,https://maps.app.goo.gl/3GgngX9MSe1nSV91A?g_st=com.google.maps.preview.copy,別府市竹の内5組,0977-22-4126,貸切湯1500円～,11:00〜受付22:00土・日曜・祝日9:00〜受付22:00,不定休,10　部屋,単純温泉,「今井」または「扇山団地」　5分,なし,20台,,https://okatanoyu.com/,https://onsendo.beppu-navi.jp/y157/,
,別府温泉 城島高原パーク展望足湯花草香,第158番 城島高原パーク展望足湯花草香,https://maps.app.goo.gl/mYwcrssGSfSPauRN9?g_st=com.google.maps.preview.copy,別府市城島高原123,0977-22-1165,1500円（施設入園料）,10:00〜16:00（季節・曜日よって異なる。休園日あり）,,なし,単純温泉,城島高原パーク 3分,なし,2000台(1台300円),,https://www.kijimakogen-park.jp/,https://onsendo.beppu-navi.jp/y158/,
,別府温泉 幸温泉,第159番 幸温泉,https://maps.app.goo.gl/CSJTqegVE9pSZJbZ7?g_st=com.google.maps.preview.copy,別府市幸町5-15,0977-21-8151,100円※R6年８月１日から200円,6:30〜11:00／14:00〜23:00,毎月10日,なし,単純温泉,幸通り　３分,幸通り　3分,5台,,,https://onsendo.beppu-navi.jp/y159/,
,別府温泉 豊前屋旅館,第161番 豊前屋旅館,https://maps.app.goo.gl/4GfFLyTcEG2Nev7A9?g_st=com.google.maps.preview.copy,別府市明礬2組,0977-66-0537,500円,10:00〜16:00,なし,家族湯はないが貸切利用は可能,硫黄泉,地蔵湯前,なし,5台,,http://www.buzenya.net/,https://onsendo.beppu-navi.jp/y161/,
,別府温泉 朝見温泉,第162番 朝見温泉,https://maps.app.goo.gl/LrnXDEnxZop4KBGM6?g_st=com.google.maps.preview.copy,別府市朝見2丁目3-25,なし,100円,6:00〜12:00／14:00〜23:00日曜、祝日7:00～12：00/14：00～22:00,年末年始,なし,単純温泉,御幸橋　4分,別府駅15分,なし,,,https://onsendo.beppu-navi.jp/y162/,
,別府温泉 蓮田温泉,第163番 蓮田温泉,https://maps.app.goo.gl/AL8Bp8yjKbyg9W9AA?g_st=com.google.maps.preview.copy,別府市浜脇3丁目3-6,なし,200円,7：00～22：00,なし,なし,単純温泉,永石６丁目　５分,なし,なし,,,https://onsendo.beppu-navi.jp/y163/,
,別府温泉 東蓮田温泉,第164番 東蓮田温泉,https://maps.app.goo.gl/fpx3d9yyW5sUGXzS8?g_st=com.google.maps.preview.copy,別府市浜脇3丁目2-27,090-9659-9080,200円,7:00〜受付22:30,なし,なし,単純温泉,南町　5分,東別府駅10分,なし,,,https://onsendo.beppu-navi.jp/y164/,
,別府温泉 祇園温泉,第168番 祇園温泉,https://maps.app.goo.gl/91C9ji4Ydcw66A1A9?g_st=com.google.maps.preview.copy,別府市朝見3丁目9-5,なし,100円,6:00～11:00／13:00～23：00第1～第4日曜6:00～23：00,なし,なし,単純温泉,流川16丁目 8分,なし,2台,,,https://onsendo.beppu-navi.jp/y168/,
,別府温泉 別府ラクテンチ,第171番 別府ラクテンチ,https://maps.app.goo.gl/u7aFDiFc3WftRQgT6?g_st=com.google.maps.preview.copy,別府市乙原２組,0977-85-8888,1300円(施設入園料),9：30～16：00(最終受付15：00),火曜※祝日の場合営業、翌日休み長期休暇は営業、冬季休園あり,,塩化物泉,流川12丁目　10分,なし,700台(300円),,https://rakutenchi.jp/,https://onsendo.beppu-navi.jp/y171/,
,別府温泉 上原温泉,第173番 上原温泉,https://maps.app.goo.gl/QTCj7Fqqrai2j8nC9?g_st=com.google.maps.preview.copy,別府市上原町1-13,なし,100円,6:00～12:00／14:00～22:00,なし,有(500円),単純温泉,上原町　２分,別府駅徒歩20分,２～３台,,,https://onsendo.beppu-navi.jp/y173/,
,別府温泉 餅ヶ浜温泉,第174番 餅ヶ浜温泉,https://maps.app.goo.gl/vzQRrYo2jqQosrtA8?g_st=com.google.maps.preview.copy,別府市若草町3－21,なし,100円,6:30～22:00,第３水曜日,なし,炭酸水素塩泉,餅ヶ浜　3分,別府駅18分,なし,,,https://onsendo.beppu-navi.jp/y174/,
,別府温泉 陽だまり温泉花の湯,第175番 陽だまり温泉花の湯,https://maps.app.goo.gl/CH6GpWMUWdYN9WvS8?g_st=com.google.maps.preview.copy,別府市竹の内町2-2,0977-21-8778,貸切1800円※平日10:00～17:001名の場合は600円,10:00～23:00,なし,8室,塩化物泉,今井　1分,なし,15台,,http://www.hana-no-yu.com/,https://onsendo.beppu-navi.jp/y175/,
,別府温泉 かまど地獄足湯,第176番 かまど地獄足湯,https://maps.app.goo.gl/Rut6aYwgLp6esnmn9?g_st=com.google.maps.preview.copy,別府市御幸5組の2,0977-66-0178,450円（施設入場料）,8:00～17:00,なし,,塩化物泉,海地獄前　2分,なし,13台,,https://kamadojigoku.com/,https://onsendo.beppu-navi.jp/y176/,
,別府温泉 北的ヶ浜町温泉（的ヶ浜温泉）,第177番 北的ヶ浜町温泉（的ヶ浜温泉）,https://maps.app.goo.gl/U5tQFeeFJM6CD7gy7?g_st=com.google.maps.preview.copy,別府市北的ヶ浜町3-35,なし,100円,6:30～22:00,第１・第３日曜,なし,炭酸水素塩泉,的ヶ浜公園前　5分,別府駅徒歩１０分,なし,,,https://onsendo.beppu-navi.jp/y177/,
,別府温泉 桜湯,第179番 桜湯,https://maps.app.goo.gl/sTuCad7grdJRFE4j7?g_st=com.google.maps.preview.copy,別府市堀田4-2,0977-25-8431,500円土・日曜、祝日　700円,平日11:00～23：00（最終受付22：00）土・日曜、祝日10：00～23：00（最終受付22：00）,なし,"20室　家族湯料金60分（平日90分）2,000円～3,000円平日11:00～24：00（最終受付23：00）土・日曜、祝日10：00～25：00（最終受付24：00）",炭酸水素塩泉,坂の平向井病院前　5分,なし,60台,,https://www.sakurayu.net/,https://onsendo.beppu-navi.jp/y179/,
,別府温泉 此花温泉,第180番 此花温泉,https://maps.app.goo.gl/Wc99UmsiR7atdosH7?g_st=com.google.maps.preview.copy,別府市光町７番５号,なし,100円,6:30～12:00／14:00～22:00,なし,なし,単純温泉,流川8丁目　5分,別府駅徒歩10～15分,なし,,,https://onsendo.beppu-navi.jp/y180/,
,別府温泉 南的ヶ浜温泉,第181番 南的ヶ浜温泉,https://maps.app.goo.gl/oWi6giWGgoDQCbLm6?g_st=com.google.maps.preview.copy,別府市南的ヶ浜町4-8,なし,200円,10:00～22:00,第1・3日曜日,なし,塩化物泉,的ヶ浜公園前　5分,別府駅徒歩７分,なし,,,https://onsendo.beppu-navi.jp/y181/,
,別府温泉 美湯の宿両築別邸,第182番 美湯の宿両築別邸,https://maps.app.goo.gl/ZCgVwp1JcwYYfft78?g_st=com.google.maps.preview.copy,別府市観海寺３組,0977-26-0022,660円,11:30〜14:30,,有り,単純温泉,鶴海寺橋入口　15分,,30台,,https://www.ryoutiku.com/,https://onsendo.beppu-navi.jp/y182/,
,別府温泉 別府おぐら,第183番 別府おぐら,https://maps.app.goo.gl/tDpNieTpoGa12S3R8?g_st=com.google.maps.preview.copy,別府市小倉1-3,0977-21-6123,貸切湯1500円〜※3名まで,10:30〜21:00（15:00〜18:00は宿泊客優先）,,,単純温泉,本坊主　10分　ゴルフ場入り口　5分,,30台,,,https://www.beppu-ogura.com/,https://onsendo.beppu-navi.jp/y183/
,別府温泉 若草温泉,第184番 若草温泉,https://maps.app.goo.gl/dg2Yvp35PNTZ1gB38?g_st=com.google.maps.preview.copy,別府市若草町9-37,なし,100円,6:00〜22:30※毎月15日13：00～16：00入浴不可※2024年7月14日（日）12月1日（日）2025年３月30日（日）10:00～14:00泉源清掃のため入浴不可,不定休,なし,炭酸水素塩泉,なし,餅ヶ浜　　京町　5分,なし,,,https://onsendo.beppu-navi.jp/y184/,
,別府温泉 和の宿夢月,第188番 和の宿夢月,https://maps.app.goo.gl/M2ERggVYhECxDmFW7?g_st=com.google.maps.preview.copy,別府市小倉３組,0977-27－2888,1000円,10：00～16：00（要問合せ）,不定,あり,単純温泉,本坊主　5分,なし,40台,,http://beppu-mutsuki.com/,https://onsendo.beppu-navi.jp/y188/,
,別府温泉 癒しの宿彩葉,第190番 癒しの宿彩葉,https://maps.app.goo.gl/A5GXzfjUJPAabsU9A?g_st=com.google.maps.preview.copy,別府市鉄輪上6組,0977-67-1680,1000円,10：00～16：00（要問合せ）,不定　要問合せ,なし,硫酸塩泉,鉄輪　3分,なし,15台,,http://beppu-iroha.com/,https://onsendo.beppu-navi.jp/y190/,
,別府温泉 大和温泉,第191番 大和温泉,https://maps.app.goo.gl/Wrtj5utPQ5VA7D1q8?g_st=com.google.maps.preview.copy,別府市野口元町9-15,0977-24-0014,200円,(5～10月)6：00～11：50、13：00～22：50(11～4月)6：30～11：50、13：00～22：50,なし,なし,単純温泉,富士見4丁目　3分,別府駅徒歩５分,なし,,,https://onsendo.beppu-navi.jp/y191/,
,別府温泉 ホテルソラージュ大分・日出,第192番 ホテルソラージュ大分・日出,https://maps.app.goo.gl/oCXM5GTmsqZfpsVdA?g_st=com.google.maps.preview.copy,別府市速見郡日出町大神7505,0977-72－1800,650円,月・水～金曜、日曜、祝日11:00～22:00(受付21:00)、土曜・休前日11:00～19:00(受付18:00)、火曜16:00～22:00(受付21:00),なし,,塩化物泉,,,200台,,https://www.solage.jp/,https://onsendo.beppu-navi.jp/y192/,
,別府温泉 立ち寄り湯夢幻の里春夏秋冬,第193番 立ち寄り湯夢幻の里春夏秋冬,https://maps.app.goo.gl/ePdq9cxB6Z9eAG2N7?g_st=com.google.maps.preview.copy,別府市堀田６組,0977-25-1126,700円,10：00～17:00（要問合せ),不定休　全露天のため天候不順な場合はお休み,４室,硫黄泉,堀田より徒歩１５分,なし,15台,,http://mugen-no-sato.com/,https://onsendo.beppu-navi.jp/y193/,
,別府温泉 ホテルシーウェーブ別府熊八の湯,第196番 ホテルシーウェーブ別府熊八の湯,https://maps.app.goo.gl/fzPyUhu3v3ASR6UJ9?g_st=com.google.maps.preview.copy,別府市駅前町12-8,0977-27-1311,大人500円,6:00 ～10:00～16：00～深夜0：00,なし,なし,炭酸水素塩泉,駅前本町　1分,別府駅徒歩１分,50台（宿泊者優先）,露天風呂は日替わりで男女いづれか利用可,http://www.beppuonsen.com/,https://onsendo.beppu-navi.jp/y196/,
,別府温泉 明礬地獄の足湯,第197番 明礬地獄の足湯,https://maps.app.goo.gl/epGm17SQEoasP9PWA?g_st=com.google.maps.preview.copy,別府市明礬１組,なし,200円（施設入場料）,8：30～17：30,なし,なし,硫黄泉、酸性泉,地蔵湯前　0分,なし,岡本屋売店Pを利用,,,https://onsendo.beppu-navi.jp/y197/,
,別府温泉 別府のお宿加賀屋,第198番 別府のお宿加賀屋,https://maps.app.goo.gl/NaXERPtU1M7Q4K7A8?g_st=com.google.maps.preview.copy,別府市北浜3丁目12-14,0977-75-7224,500円,11：00～16：00（要問合せ）,なし,３室,炭酸水素塩泉,別府北浜　2分　北浜バスセンター　1分,別府駅徒歩１０分,3台,,http://www.beppu-kagaya.com/,https://onsendo.beppu-navi.jp/y198/,
,別府温泉 前田温泉,第199番 前田温泉,https://maps.app.goo.gl/dtUiiSZm57RTAvw99?g_st=com.google.maps.preview.copy,別府市上人本町1-21,なし,200円,8：00～20:00,不定,なし,塩化物泉,別大駅前　５分,別府大学駅徒歩５分,なし,,,https://onsendo.beppu-navi.jp/y199/,
,別府温泉 地熱観光ラボ縁間,第201番 地熱観光ラボ縁間,https://maps.app.goo.gl/ZYFcZwYgrheBdzZw8?g_st=com.google.maps.preview.copy,別府市風呂本228-1,0977-75-9592,足湯無料※食事または家族湯利用の方のみ,10:00～22:00要確認,12月31日,家族湯２５００円（60分）,塩化物泉,鉄輪　3分,なし,６台,,https://enma-ch.com/,https://onsendo.beppu-navi.jp/y201/,
,別府温泉 湯山の里和さび人,第203番 湯山の里和さび人,https://maps.app.goo.gl/9wqbfCyqvJLwhNMW9?g_st=com.google.maps.preview.copy,別府市湯山2組,0977-85-8824,3000円,9:00～17：30,木曜日,1室,硫黄泉,湯山　７分,なし,4台,,https://wasabijin.com/,https://onsendo.beppu-navi.jp/y203/,
,別府温泉 大分空港足湯,第204番 大分空港足湯,https://maps.app.goo.gl/ymtpqu37w3E1Y1i76?g_st=com.google.maps.preview.copy,別府市国東市安岐町下原13番地,0978-67-2015,無料,9:00～19:00,なし,なし,単純温泉,,なし,770台,,https://www.oita-airport.jp/,https://onsendo.beppu-navi.jp/y204/,
,別府温泉 入江温泉,第206番 入江温泉,https://maps.app.goo.gl/b8iJ7BEn18kkW21Z6?g_st=com.google.maps.preview.copy,別府市浜田町5-8,なし,200円,(10～3月)7:00〜10:00、12:00〜22:00　　(4～9月)6:00〜10:00、12:00〜22:00,なし,なし,塩化物泉,古市入江橋前,亀川駅　6分,5台,,,https://onsendo.beppu-navi.jp/y206/,
,別府温泉 向原温泉,第207番 向原温泉,https://maps.app.goo.gl/uRg6W2Ei4gomVPes8?g_st=com.google.maps.preview.copy,別府市南立石2区6組,なし,150円,6：00～9：00/11：00～22：00,なし,,単純温泉,生目神社前　2分,なし,3台,,,https://onsendo.beppu-navi.jp/y207/,
,別府温泉 平田温泉,第208番 平田温泉,https://maps.app.goo.gl/ATGwHZgU17YXqtjU7?g_st=com.google.maps.preview.copy,別府市照波園町11-36,なし,200円,7:00〜9:00、15:00〜21:50,月曜,なし,単純温泉,平田　４分,,なし,,,https://onsendo.beppu-navi.jp/y208/,
,別府温泉 日本旅館松亀荘,第210番 日本旅館松亀荘,https://maps.app.goo.gl/XuH1YAHruJhzDkPC7?g_st=com.google.maps.preview.copy,別府市北浜2-12-21,080-5256-3862,500円,9:00〜20:00,火曜,有り（1時間１組1000円）,炭酸水素塩泉,別府北浜　２分,別府駅10分,公共P利用,,http://www.matsukiso.com/index.html?id=sec2,https://onsendo.beppu-navi.jp/y210/,
,別府温泉 cotake,第211番 cotake,https://maps.app.goo.gl/GnvicvL8ywoJaQaJ9?g_st=com.google.maps.preview.copy,別府市弓ヶ浜町2-28,0977-51-4396,2000円（貸切湯60分）,10:00～17:00（最終受付15:30）※要予約,日曜,貸切湯のみ,塩化物泉,富士見３丁目5分、的ヶ浜公園前10分,別府駅10分,2台,,http://www.cotake-beppu.com/,https://onsendo.beppu-navi.jp/y211/,
,別府温泉 富士見温泉,第212番 富士見温泉,https://maps.app.goo.gl/2cqN4gEexNkcuFRk9?g_st=com.google.maps.preview.copy,別府市富士見町1-16,0977-23-4851,100円,6:00～11:00、14:00～23:00,毎月15日,なし,単純温泉,富士見4丁目,別府駅10分 2分,2台,,,https://onsendo.beppu-navi.jp/y212/,
,別府温泉 大分香りの博物館ハーブガーデン足湯,第214番 大分香りの博物館ハーブガーデン足湯,https://maps.app.goo.gl/tq3FoXqJ6HtdQupT9?g_st=com.google.maps.preview.copy,別府市北石垣48-1,0977-27-7272,無料※博物館入館者、ミュージアムショップ、カフェ・サ・サンボン利用者に限る,10:00～16:30,12/31、1/1～1/３　　雨天時要問合せ,なし,単純温泉,大石・大分香りの博物館前,別府大学駅(12分),約20台,,http://oita-kaori.jp/,https://onsendo.beppu-navi.jp/y214/,
,別府温泉 温活サロンKAJU,第215番 温活サロンKAJU,https://maps.app.goo.gl/77hMjDr6DjDrqAqg6?g_st=com.google.maps.preview.copy,別府市上原町8-18,0977-51-5886,4400円,10：00～18：00　（完全予約）,水曜ほか・不定休あり,,単純温泉,上原町,別府駅15分,４台,完全予約制　１回の入浴時間15分～20分　シャワーあり,https://onkatukaju.com/,https://onsendo.beppu-navi.jp/y215/,
,別府温泉 サンライン別府,第216番 サンライン別府,https://maps.app.goo.gl/69SmFxdz6RUNBJkZ9?g_st=com.google.maps.preview.copy,別府市北浜2-12-9,0977-26-1155,300円,16：00～22：00,不定,あり（1000円/１時間）※要問合せ,炭酸水素塩泉,別府北浜、北浜バスセンター　２分,別府駅10分,10台※要問合せ貸切湯等の利用に関しては宿泊客優先でご案内させていただきますので、立ち寄り湯利用の方はお問い合わせください。基本的には近隣のコインパーキング等をご利用ください。,,https://sunlinebeppu.com/onsen/,https://onsendo.beppu-navi.jp/y216/,
,別府温泉 弓ヶ浜温泉,第217番 弓ヶ浜温泉,https://maps.app.goo.gl/gJzBo9pWUKMMb8Xg7?g_st=com.google.maps.preview.copy,別府市弓ヶ浜町4-33,なし,200円,6:00〜10:00　15:00〜22:30,第2・第4水曜日,なし,炭酸水素塩泉,富士見3丁目,別府駅11分,2台,,,https://onsendo.beppu-navi.jp/y217/,
,別府温泉 杜の湯リゾート,第218番 杜の湯リゾート,https://maps.app.goo.gl/FXsiwM9wDeTzgZCj7?g_st=com.google.maps.preview.copy,別府市鶴見照湯1413-13,0977-85-7000,"一泊朝食9,500～",IN15:00～OUT11:00,なし,なし,単純泉,照湯　1分,なし,30台,,http://morinoyu-resort.com/,https://onsendo.beppu-navi.jp/y218/,
,別府温泉 トキハ別府店足湯,第219番 トキハ別府店足湯,https://maps.app.goo.gl/PaYZLHJteK2pLNub7?g_st=com.google.maps.preview.copy,別府市北浜2丁目9番1号,0977-23-1111,無料,10：00 ～ 19：00,月数回メンテナンスあり（不定休）,なし,炭酸水素塩泉,別府北浜,別府駅8分,有料　立体510台・平面110台,,https://www.tokiwa-dept.co.jp/public/beppu/,https://onsendo.beppu-navi.jp/y219/,
,別府温泉 白蓮の湯,第220番 白蓮の湯,https://maps.app.goo.gl/9bHkY7mt5v7SMyk4A?g_st=com.google.maps.preview.copy,別府市青山町8-68,0977-75-8899,700円（貸切湯）,10：00～15：00,水・土曜日、日曜日,貸切湯のみ　要予約,単純泉,総合体育館前入口　徒歩２分,別府駅　徒歩20分,あり,白蓮資料館も開催中（入場料300円）あわせてマッサージも受けられるスペシャル温泉,,https://onsendo.beppu-navi.jp/y220/,
,別府温泉 湯山の里温泉,第221番 湯山の里温泉,https://maps.app.goo.gl/29DtwxfedQizh6Xq6?g_st=com.google.maps.preview.copy,別府市湯山４組,090-4988-4179,露天風呂　1人600円※　水着着用,9：00～日没まで,不定期,３名3000円,単純泉硫黄泉,湯山　２分,なし,15台,,,https://onsendo.beppu-navi.jp/y221/,
,別府温泉 別府鉄輪温泉やまなみの湯,第222番 別府鉄輪温泉やまなみの湯,https://maps.app.goo.gl/XTmwmFBGTUFNgk72A?g_st=com.google.maps.preview.copy,別府市北中7-2　ダイちゃんランド内,0977-67-4126,480円,12：00 ~ 翌8 : 40（月2回月曜日は15:00より開店）土日、祝日は24時間営業,なし,60分　2000円、2800円,アルカリ単純泉,砂原,別府大学駅　２０分,700台,,http://diamondgroup.co.jp/yamanaminoyu/beppu/,https://onsendo.beppu-navi.jp/y222/,
,別府温泉 文化の湯,第223番 文化の湯,https://maps.app.goo.gl/Xwu9YS9AmiakWKGXA?g_st=com.google.maps.preview.copy,別府市大字別府字野口原3030番地の16,0977-21-8289,中学生以上200円 小学生　100円 幼児以下無料,火曜～土曜日　　9：00～20：00日曜日・祝日9：00～16：00,月曜日、年末年始,なし,単純泉,ニューライフプラザ、ビーコンプラザ前,別府駅　19分,公共P利用,,https://www.city.beppu.oita.jp/sisetu/bunka_komyuniti/09community_09-09asubeppu_gaiyou.html#onsen,https://onsendo.beppu-navi.jp/y223/,
,別府温泉 ゆめひのきの湯大仏温泉,第224番 ゆめひのきの湯大仏温泉,https://maps.app.goo.gl/dW7iBoSwcCbw6AVG8?g_st=com.google.maps.preview.copy,別府市天満町4-6,070-1941-1126,碧の湯　大人（中学生以上）800円　子供400円茜の湯　大人（中学生以上）600円　子供300円貸切45分,11：30～17：30,不定休,貸切湯のみ　要予約,単純泉,富士見９丁目,別府駅　徒歩13分,3台,,https://select-type.com/p/yumehinoki/,https://onsendo.beppu-navi.jp/y224/,
,別府温泉 おやど湯の丘,第225番 おやど湯の丘,https://maps.app.goo.gl/DvUWyT68p9ZJeGgu6?g_st=com.google.maps.preview.copy,別府市小倉4-1,0977-21-2414,１室　2000円（４名まで）,10：00～20：00（１５時以降は要問合せ）,木曜日,貸切湯のみ　５,弱硫黄単純泉,ベネフィットフォー・ユー　徒歩２分,,15台,,https://hpdsp.jp/yunooka/,https://onsendo.beppu-navi.jp/y225/,
,別府温泉 亀川マリーナの湯,第226番 亀川マリーナの湯,https://maps.app.goo.gl/1hrsyzDWeBwXrjHo7?g_st=com.google.maps.preview.copy,別府市亀川東町20-45　亀川マリーナテラス１階,0977-85-7033,500円,10：00～15：00※最終受付 14:30,木曜日,なし,塩化物泉,弁天前,亀川駅　　1０分,40台,,http://kamegawa-marina.com/,https://onsendo.beppu-navi.jp/y226/,
,別府温泉 あるじ「RG」の温泉（足湯）,第227番 あるじ「RG」の温泉（足湯）,https://maps.app.goo.gl/c5o3bDeNiyMvT3yh7?g_st=com.google.maps.preview.copy,別府市鶴見実ノ屋敷1356-6,0977-66-8530,1000円以上の購入・利用（飲食・お土産・体験）された方のみ,10：00～17：00,月・水・金　※祝日の場合は営業,,硫黄泉,みょうばんクリニック　徒歩10分,,30台,,https://www.saravio.jp/tourism/,https://onsendo.beppu-navi.jp/y227/,
,別府温泉 旅館ちとせ,第228番 旅館ちとせ,https://maps.app.goo.gl/ANLUBe5SxtqbsjqD6?g_st=com.google.maps.preview.copy,別府市本町8-6,090-2968-8606,"宿泊者のみ　一人１泊3,000円（税込）",16:00～翌日10:00まで（ﾁｴｯｸｲﾝからﾁｪｯｸｱｳﾄまで）,不定休,貸切湯のみ　（１室）,炭酸水素塩泉,別府駅,別府駅　徒歩　5分,1台　500円,,,https://onsendo.beppu-navi.jp/y228/,
,別府温泉 水流見の湯（足湯）,第229番 水流見の湯（足湯）,https://maps.app.goo.gl/9fdqvYhMEYPoYY3D9?g_st=com.google.maps.preview.copy,別府市扇山１組-1,0977-85-8855,無料,11：00～14:00/17:30～21:00,火曜（祝日の場合は翌日）,なし,単純温泉,自衛隊前,なし,あり,,https://sumibi.co.jp/,https://onsendo.beppu-navi.jp/y229/,
,別府温泉 新光泉,第230番 新光泉,https://maps.app.goo.gl/a8pKAmjD3MY9sJqM7?g_st=com.google.maps.preview.copy,別府市中島町14-14,なし,小学生以上　市外300円　市内200円,12：00～16：00,不定休,,単純泉,流川１２丁目,別府駅　徒歩　15分,なし,,,https://onsendo.beppu-navi.jp/y230/,
,別府温泉 グランシア別府鉄輪,第231番 グランシア別府鉄輪,https://maps.app.goo.gl/YYTFk6pVx1riefXU6?g_st=com.google.maps.preview.copy,別府市鶴見照湯1409-1,0977-77-2405,"1泊2食　24,530円～",IN 15:00　 OUT 10:00,,,単純温泉,照湯　　徒歩　1分,,１２０台,,https://www.granxia-beppu.com/,https://onsendo.beppu-navi.jp/ｙ231/,
,別府温泉 新玉旅館,第232番 新玉旅館,https://maps.app.goo.gl/PAfqD418WptrbRQj9?g_st=com.google.maps.preview.copy,別府市浜脇２丁目1-13,0977-22-8166,"貸切湯60分１名利用1,500円、２名利用2,000円",１２:００～１５:００（要予約）,日曜,貸切湯のみ　3,炭酸水素塩泉,浜脇、ユートピア浜脇,東別府駅　徒歩　8分,5台,猫のいるお宿です。猫とのふれあいは別途料金が必要です。,https://www.youtube.com/@nyantama,https://onsendo.beppu-navi.jp/y232/,
,別府温泉 南須賀温泉,第233番 南須賀温泉,https://maps.app.goo.gl/veGKxYbRAFZqnmod8?g_st=com.google.maps.preview.copy,別府市石垣西８丁目3-4,なし,100円,6：00～10：00 / 13:00～22：45,なし,,単純泉,石垣８丁目,別府駅　徒歩　40分,なし,,,https://onsendo.beppu-navi.jp/y233/,
,別府温泉 ホテルサンバリーアネックス,第234番 ホテルサンバリーアネックス,https://maps.app.goo.gl/meLiLWF5qLCwptKk9?g_st=com.google.maps.preview.copy,別府市石垣東10丁目１－２０,0977-36-6555,ご宿泊または「若潮」でランチご利用の方,宿泊の方　6：00～翌朝10：００和洋ダイニング若潮でランチご利用の方は15:00まで※ランチ営業時間11:30〜14:00（オーダーストップ13:30）※入浴後フロントにレシート提示で押印,不定休,なし,単純泉,娘田,別府大学駅　徒歩16分,120台,,http://www.hotelsunvalley.com/,https://onsendo.beppu-navi.jp/y234/,
,別府温泉 白糸の滝温泉,第235番 白糸の滝温泉,https://maps.app.goo.gl/GKxp798Lkm2LvjMK6?g_st=com.google.maps.preview.copy,別府市堀田３組,0977-23-6354,50分1000円（大人２名、小学生以下４名まで）※追加料金：１名につき500円※年末年始・GW・お盆：50分/2000円,10：30～20：30（受付終了）,不定休（天候不順は要確認）,家族湯3室のみ,硫黄泉,堀田温泉前　徒歩３分,,5台,,,https://onsendo.beppu-navi.jp/ｙ235/,